"","metric","ThresholdNAT_Lower","ThresholdNAT_Upper","ThresholdNATMed_Lower","ThresholdNATMed_Upper","ThresholdNATLow_Lower","ThresholdNATLow_Upper","ThresholdNATHigh_Lower","ThresholdNATHigh_Upper","ThresholdHB_Lower","ThresholdHB_Upper","ThresholdSB0_Lower","ThresholdSB0_Upper","ThresholdSB2_Lower","ThresholdSB2_Upper","n","Index","Hydro_endpoint","SmoothingFunc","CorObs_Pred"
"1","asci_DS_Mag_50_3",NA,NA,NA,NA,-21.2223203165465,-0.00659673888978318,NA,NA,NA,NA,NA,NA,-15.9437440193328,-2.50327642183098,223,"asci","DS_Mag_50",3,0.213083001870803
"2","csci_DS_Mag_50_3",-19.9704566916844,5.13602382134846,-19.9704566916844,5.13602382134846,15.4814010651201,NA,NA,NA,12.7256498475811,NA,-21.1076705572218,5.77920986693044,-24.5193121538338,7.66800388732674,402,"csci","DS_Mag_50",3,0.525518478241339
"3","asci_FA_Mag_3",NA,NA,NA,NA,NA,NA,NA,NA,NA,NA,NA,NA,NA,NA,223,"asci","FA_Mag",3,0.21420356522071
"4","csci_FA_Mag_3",-219.451938432777,61.4911838527464,-219.451938432777,61.4911838527464,185.922736395611,NA,NA,NA,155.228249472159,NA,69.8577169911708,NA,93.8008636000545,NA,402,"csci","FA_Mag",3,0.469918948702993
"5","asci_Peak_10_3",2746.47874324884,NA,2746.47874324884,NA,70.0968514434741,NA,4394.12797268424,NA,2952.43489692827,NA,1100.97737924849,NA,331.390699562793,NA,223,"asci","Peak_10",3,0.306596237594326
"6","csci_Peak_10_3",-545.754841457346,NA,-545.754841457346,NA,-3047.17728116175,NA,1285.33019194415,NA,-2311.09205844732,NA,-677.118986701298,NA,-1077.04681490317,NA,402,"csci","Peak_10",3,0.460539993449747
"7","asci_Peak_2_3",1129.65937946246,NA,1129.65937946246,NA,-31.729881945338,NA,NA,NA,NA,NA,355.815247304645,NA,58.6480300277587,NA,223,"asci","Peak_2",3,0.271825359858872
"8","csci_Peak_2_3",-218.735838445792,NA,-218.735838445792,NA,-5095.87158258367,-4800.04728851495,651.93156363264,NA,-1213.00663936627,NA,-279.70508285641,NA,-473.897662614124,NA,402,"csci","Peak_2",3,0.281204502090348
"9","asci_Peak_5_3",1883.96009233136,NA,1883.96009233136,NA,13.8650681939058,NA,3039.72375050832,NA,2049.97652306909,NA,714.385630608746,NA,190.843297944748,NA,223,"asci","Peak_5",3,0.301605509751765
"10","csci_Peak_5_3",-412.773857836107,NA,-412.773857836107,NA,-2443.7079065314,NA,1007.75239423373,NA,-1824.45020824049,NA,-519.964892245154,NA,-847.010028006054,NA,402,"csci","Peak_5",3,0.398463524824352
"11","asci_SP_Mag_3",1527.7321358361,NA,1527.7321358361,NA,-169.573629487892,51.4430383190151,NA,NA,1553.54539105332,NA,1347.03934931559,NA,-63.2293685539007,-56.5768898421327,223,"asci","SP_Mag",3,0.336060811821649
"12","csci_SP_Mag_3",-68.9952555382417,237.255122673498,-68.9952555382417,237.255122673498,-653.999250633855,NA,NA,NA,-499.33778543746,NA,-102.686098641772,284.146510583848,-200.50071486435,489.434290903717,402,"csci","SP_Mag",3,0.285251708127726
"13","asci_Wet_BFL_Mag_10_3",NA,NA,NA,NA,NA,NA,NA,NA,NA,NA,NA,NA,NA,NA,223,"asci","Wet_BFL_Mag_10",3,0.212293377854177
"14","csci_Wet_BFL_Mag_10_3",-8.36133472605,12.3349680553416,-8.36133472605,12.3349680553416,-43.3775219462062,41.4666172700719,NA,NA,-27.7906212385281,34.7419887022182,-9.89333827594715,14.4640582362108,-13.9916879443715,20.3837301078071,402,"csci","Wet_BFL_Mag_10",3,0.321129478848123
"15","asci_Wet_BFL_Mag_50_3",NA,NA,NA,NA,-74.696765676807,-10.6444758454593,NA,NA,NA,NA,NA,NA,-65.4982030588779,-23.0514883213819,223,"asci","Wet_BFL_Mag_50",3,0.234976536118472
"16","csci_Wet_BFL_Mag_50_3",-54.3978542668781,31.3902142626198,-54.3978542668781,31.3902142626198,-292.37900947121,146.920229144454,NA,NA,-239.810556931056,126.845129656858,-89.0765951658913,41.7937084176496,-134.67365185075,71.9801659531476,402,"csci","Wet_BFL_Mag_50",3,0.192913893810805
"17","asci_Q99_3",914.101290628821,NA,914.101290628821,NA,-77.7466119726411,NA,NA,NA,997.428453531788,NA,303.205120757513,NA,20.2363443797739,NA,223,"asci","Q99",3,0.313948532746711
"18","csci_Q99_3",-297.168176907227,NA,-297.168176907227,NA,-22104.6294783722,-8704.96583462983,485.818093590126,NA,-17231.373589406,-11813.8617975216,-364.939871283919,NA,-579.441309409856,NA,402,"csci","Q99",3,0.404750338026351
"19","asci_DS_Mag_50_6",NA,NA,NA,NA,-8.55105808060397,1.58072706245251,NA,NA,NA,NA,-5.24936212205838,-0.535101037899425,-7.8590428986391,1.14632905475061,223,"asci","DS_Mag_50",6,0.326208394789645
"20","csci_DS_Mag_50_6",-9.08519692537244,4.49131704762636,-9.08519692537244,4.49131704762636,-16.6420023327969,11.6917493377018,NA,NA,-14.8156600466066,9.60080290585318,-9.56304857886066,4.8693042903418,-10.9772624119608,6.04793176855271,402,"csci","DS_Mag_50",6,0.576042682536274
"21","asci_FA_Mag_6",NA,NA,NA,NA,NA,NA,NA,NA,NA,NA,NA,NA,NA,NA,223,"asci","FA_Mag",6,0.233450895772271
"22","csci_FA_Mag_6",-68.6067316771706,51.563552821415,-68.6067316771706,51.563552821415,-183.625450906097,173.216032627169,NA,NA,-154.870771098865,144.423370139124,-75.7954016289785,56.8247371085552,-97.3614114844023,73.8075029726177,402,"csci","FA_Mag",6,0.496707472819845
"23","asci_Peak_10_6",3591.80460431141,NA,3591.80460431141,NA,-58.7946010399097,NA,5192.40791544076,NA,3791.88001820258,NA,1614.16178464807,NA,256.561232177821,NA,223,"asci","Peak_10",6,0.336712731409327
"24","csci_Peak_10_6",-528.266379300022,NA,-528.266379300022,NA,-11565.7731061562,-7974.45658761247,979.021314865319,NA,-1457.62068485668,NA,-604.793851195126,NA,-826.592371110518,NA,402,"csci","Peak_10",6,0.503614385824713
"25","asci_Peak_2_6",NA,NA,NA,NA,-139.59332230443,NA,NA,NA,NA,NA,571.389426116641,1209.52942405894,-113.230492559907,NA,223,"asci","Peak_2",6,0.370255692867431
"26","csci_Peak_2_6",-216.822446685677,NA,-216.822446685677,NA,-6561.2621746302,-3114.62593503983,922.925997176066,NA,-5656.98818332415,-4215.09742394414,-238.169937344982,NA,-301.6870740127,NA,402,"csci","Peak_2",6,0.387504046428221
"27","asci_Peak_5_6",2698.50975722327,NA,2698.50975722327,NA,-51.0433301887153,NA,3384.6316932297,NA,2784.27499922408,NA,572.628757434706,NA,87.2004903553717,NA,223,"asci","Peak_5",6,0.324971212721645
"28","csci_Peak_5_6",-429.059835804117,NA,-429.059835804117,NA,-16709.2115818182,-9721.03568952832,824.546102292467,NA,-1330.6481606925,NA,-503.772885424193,NA,-721.587446467426,NA,402,"csci","Peak_5",6,0.433757332986135
"29","asci_SP_Mag_6",1401.83936813959,NA,1401.83936813959,NA,-111.076692041875,116.78288040964,1526.32777613641,NA,1417.40041913919,NA,-20.1421856838845,60.6647839927577,-94.7371604232965,106.082042525544,223,"asci","SP_Mag",6,0.413802094503757
"30","csci_SP_Mag_6",-32.2101930253023,172.393055865165,-32.2101930253023,172.393055865165,-140.962094718217,NA,1521.89943025902,NA,-112.249865373866,NA,-39.3268449906275,181.464680343305,-59.8917921620117,208.864828407226,402,"csci","SP_Mag",6,0.44223184103098
"31","asci_Wet_BFL_Mag_10_6",NA,NA,NA,NA,-14.0064920241523,-0.500265002085581,NA,NA,NA,NA,-8.92939147852904,-6.39811382429958,-12.8713058241498,-1.63663381289278,223,"asci","Wet_BFL_Mag_10",6,0.253387131890326
"32","csci_Wet_BFL_Mag_10_6",-10.303655761144,7.15332529383574,-10.303655761144,7.15332529383574,-16.6641144596665,47.9533171292944,NA,NA,-15.1387511908071,43.2772239148052,-10.7100343235584,8.1177922686013,-11.9291700108018,10.9923036133926,402,"csci","Wet_BFL_Mag_10",6,0.398698497747328
"33","asci_Wet_BFL_Mag_50_6",110.596360413338,152.127763587702,110.596360413338,152.127763587702,-89.3580170050087,-20.3799865337978,NA,NA,112.524897778984,148.955116134308,-56.6938026340132,-46.1792149444406,-81.1919634122598,-29.0482584406348,223,"asci","Wet_BFL_Mag_50",6,0.316997237931073
"34","csci_Wet_BFL_Mag_50_6",-195.098841270077,-74.1615189382169,-195.098841270077,-74.1615189382169,-323.543862933704,166.775716971564,NA,NA,-291.432607517797,159.578795653679,-203.126655124053,-72.1707608596923,-227.210096685984,-66.1984866241186,402,"csci","Wet_BFL_Mag_50",6,0.332708065803312
"35","asci_Q99_6",503.517144755014,NA,503.517144755014,NA,-121.560088041284,NA,817.993750758921,NA,543.699195990544,NA,184.169915772711,NA,-52.2108718479593,NA,223,"asci","Q99",6,0.35172254362161
"36","csci_Q99_6",-234.816156362827,NA,-234.816156362827,NA,-26469.0924415159,-2910.53405417644,232.083194432877,NA,-22564.702597771,-3336.13552729729,-265.957770245936,NA,-14755.9229102812,-12315.775801678,402,"csci","Q99",6,0.458838620743952
"37","asci_DS_Mag_50_9",NA,NA,NA,NA,-6.84302769734886,1.65158058674478,NA,NA,NA,NA,-4.89930301687217,0.697422276179126,-6.35709652722969,1.43249045250588,223,"asci","DS_Mag_50",9,0.387878739900872
"38","csci_DS_Mag_50_9",-6.19031726680406,3.6915626533667,-6.19031726680406,3.6915626533667,-17.8870122300149,12.1922365371524,NA,NA,-14.8098992839257,8.90159831603988,-6.57540378524523,3.95975325265701,-7.83066320230461,4.8871206635587,402,"csci","DS_Mag_50",9,0.594920359066261
"39","asci_FA_Mag_9",NA,NA,NA,NA,11.3757285233598,21.1425558122824,NA,NA,NA,NA,NA,NA,NA,NA,223,"asci","FA_Mag",9,0.255932301769265
"40","csci_FA_Mag_9",-25.50792439461,43.0229085416716,-25.50792439461,43.0229085416716,-144.533184456485,196.55165850752,NA,NA,-101.664154981997,158.655992945196,-29.2862024946189,46.3206342159817,-40.6210367946455,55.6936196195379,402,"csci","FA_Mag",9,0.513596991368038
"41","asci_Peak_10_9",5062.20159540105,NA,5062.20159540105,NA,-398.379400322247,1739.89877668825,5916.88998593859,NA,5243.28359634554,NA,3794.62758878962,NA,-187.849165644078,-125.653175663319,223,"asci","Peak_10",9,0.380214188586655
"42","csci_Peak_10_9",-595.207111071239,NA,-595.207111071239,NA,-11559.2659498286,-6099.74213502162,1388.88630912524,NA,-10014.6623158137,-6656.87242397838,-648.870184666208,NA,-800.473950793816,NA,402,"csci","Peak_10",9,0.527617479653301
"43","asci_Peak_2_9",689.467162679223,1000.59338616737,689.467162679223,1000.59338616737,-166.576120660236,34.2626327005404,NA,NA,740.510242099127,981.847774810434,-122.974415132211,-17.3155138265215,-157.09944747384,21.848447098231,223,"asci","Peak_2",9,0.497278893866772
"44","csci_Peak_2_9",-231.543241848096,71.4256565905834,-231.543241848096,71.4256565905834,-6758.66190916224,-3268.81108194404,755.19038666864,NA,-5818.17060704711,-4201.63994701843,-241.639486382101,82.6453046841306,-272.306046776372,120.672838226006,402,"csci","Peak_2",9,0.493974318800472
"45","asci_Peak_5_9",3210.24074029165,NA,3210.24074029165,NA,-127.600926544868,1922.54115016732,3640.60912241646,NA,3264.03678805725,NA,478.308390599593,1222.46843419759,50.9864460833018,1747.52297117489,223,"asci","Peak_5",9,0.353217624854115
"46","csci_Peak_5_9",-468.822983675396,NA,-468.822983675396,NA,-18362.4622107571,-9710.20730208445,976.042391956188,NA,-18243.9033904248,-11228.4036865328,-541.7600568754,NA,-18026.2504754961,-17091.8869734612,402,"csci","Peak_5",9,0.453438090030941
"47","asci_SP_Mag_9",1408.79821252926,NA,1408.79821252926,NA,-109.955122681361,128.088789627038,1526.4958150891,NA,1423.51041284924,NA,20.9905524760344,93.9857290469447,-90.6909574014573,120.090183488572,223,"asci","SP_Mag",9,0.452839506558463
"48","csci_SP_Mag_9",-38.006838418416,167.288509386826,-38.006838418416,167.288509386826,-914.550149212458,-838.486640540892,1488.4483499117,NA,-93.7782774767516,238.653450677291,-43.4043444362117,173.965506223222,-58.5593192899695,191.47698520751,402,"csci","SP_Mag",9,0.484426549875873
"49","asci_Wet_BFL_Mag_10_9",NA,NA,NA,NA,-15.0225853293221,-0.701937997444365,NA,NA,NA,NA,-11.6944504070009,-3.17430558105327,-14.1905515987418,-1.39931895010988,223,"asci","Wet_BFL_Mag_10",9,0.276063103445228
"50","csci_Wet_BFL_Mag_10_9",-12.6083164835997,7.30754716604418,-12.6083164835997,7.30754716604418,-83.2420922632137,-76.2338244699201,NA,NA,-16.0125938632262,50.1419928681881,-12.9319398001553,8.03569109074851,-13.9028097498222,9.81811065692106,402,"csci","Wet_BFL_Mag_10",9,0.436768257624987
"51","asci_Wet_BFL_Mag_50_9",97.907237531981,167.350624442762,97.907237531981,167.350624442762,-103.334420222329,-36.0684937138891,108.322623742209,151.705533132736,99.2091608082595,165.394988029009,-75.8278592186408,-45.1463713536295,-96.457779971407,-39.2000843663819,223,"asci","Wet_BFL_Mag_50",9,0.351486750767029
"52","csci_Wet_BFL_Mag_50_9",-243.228050390489,-69.2665177506134,-243.228050390489,-69.2665177506134,-324.869379995121,175.588020030333,-176.894470086725,-82.4961750630925,-304.459047593963,170.636347435611,-248.330633490779,-68.2488518034996,-263.638382791647,-64.9801249528788,402,"csci","Wet_BFL_Mag_50",9,0.374074150045939
"53","asci_Q99_9",664.382329549555,NA,664.382329549555,NA,-258.536904052857,32.5037991361854,827.625345855511,NA,689.403671949388,NA,489.232932750722,NA,-223.91674404807,-5.85122089610942,223,"asci","Q99",9,0.406328918379338
"54","csci_Q99_9",-216.505143339918,NA,-216.505143339918,NA,-26468.3010377475,-2755.10546243787,393.431014826404,NA,-22563.7669446699,-5664.63967999938,-237.172007923786,NA,-14754.6987585149,-13166.5996881132,402,"csci","Q99",9,0.486250563026075
"55","asci_DS_Mag_50_12",NA,NA,NA,NA,-6.06571666959803,1.85790422012903,NA,NA,NA,NA,-3.16556972952097,1.04613251296541,-5.2134995552074,1.67369837701654,223,"asci","DS_Mag_50",12,0.424484227491211
"56","csci_DS_Mag_50_12",-4.56799789529464,3.30400935486797,-4.56799789529464,3.30400935486797,-21.2050612300205,13.3204234918449,-0.569756066032219,0.101355776720989,-20.5072014785566,-13.4708111485888,-4.92643094963595,3.49931592010203,-6.01068515010272,4.16686152409802,402,"csci","DS_Mag_50",12,0.609438599375276
"57","asci_FA_Mag_12",NA,NA,NA,NA,9.06438599266479,23.8705143849553,NA,NA,NA,NA,NA,NA,13.2993514718927,21.5118842120753,223,"asci","FA_Mag",12,0.303030552242712
"58","csci_FA_Mag_12",-11.7026088475811,47.4270054804043,-11.7026088475811,47.4270054804043,-226.421012034271,-115.344890384073,NA,NA,-76.1862326568388,71.9871987553773,-15.8807274534287,50.1892333542441,-28.6594067908873,58.4759169757633,402,"csci","FA_Mag",12,0.531314956607406
"59","asci_Peak_10_12",5546.07425293238,NA,5546.07425293238,NA,-584.897306209193,44.2183262497826,5984.72701152956,NA,5660.1022134711,NA,742.252735935726,1396.79868301236,-529.825338712735,-24.3011535286194,223,"asci","Peak_10",12,0.413214922521456
"60","csci_Peak_10_12",-607.965322180991,NA,-607.965322180991,NA,-10920.8441064941,-5702.23552190265,1250.2469272357,NA,-9389.93025535084,-6039.57386353551,-643.759031838817,NA,-743.948450629653,NA,402,"csci","Peak_10",12,0.557111268685239
"61","asci_Peak_2_12",554.660618806219,1058.65225180981,554.660618806219,1058.65225180981,-177.664438934086,11.6822166822497,761.13407482852,976.967351666003,575.259832005215,1048.44163929183,-152.953594201516,-15.4347057809002,-172.158561145849,5.02250608858682,223,"asci","Peak_2",12,0.546503051152436
"62","csci_Peak_2_12",-231.120930669762,42.7081227553777,-231.120930669762,42.7081227553777,-7528.03147724347,-3297.31948513072,-88.9860823238403,-61.9088039797836,-6181.51706229315,-4210.12204844833,-239.234662259114,48.8864090809547,-263.909716538856,68.2194855970798,402,"csci","Peak_2",12,0.523882521517554
"63","asci_Peak_5_12",3324.95370866925,NA,3324.95370866925,NA,-309.068967314143,1718.1354786335,3690.03512022744,NA,3370.58888511402,NA,455.687028670289,1390.82304463594,-260.432254397563,-60.8979392639431,223,"asci","Peak_5",12,0.380660546855166
"64","csci_Peak_5_12",-18068.3388129311,-16110.0209571845,-18068.3388129311,-16110.0209571845,-18421.0336847094,-9691.37213556331,830.208767557357,NA,-18326.9355480933,-10294.3297184251,-18087.434538762,-15625.3800206213,-18144.7217162546,-14171.4572109314,402,"csci","Peak_5",12,0.478797231736341
"65","asci_SP_Mag_12",1428.0891951824,NA,1428.0891951824,NA,-122.46651159258,-54.0492026192586,1549.6111285295,NA,1443.27943685079,NA,30.3815966413352,96.1939641156154,-117.143779346367,-60.9290012866025,223,"asci","SP_Mag",12,0.481648366534735
"66","csci_SP_Mag_12",-41.9635080029018,182.005698367598,-41.9635080029018,182.005698367598,-951.80570369436,-704.082248395528,44.437930684053,51.2639144252123,-929.577033059169,-777.146946494365,-50.0101041584021,186.83925862409,-66.9171400873634,199.063776437638,402,"csci","SP_Mag",12,0.517104111328465
"67","asci_Wet_BFL_Mag_10_12",NA,NA,NA,NA,-13.992040319647,-1.1097951240011,NA,NA,NA,NA,-10.1462586829644,-2.9600209202221,-13.0305949104764,-1.72594622606688,223,"asci","Wet_BFL_Mag_10",12,0.303374370903624
"68","csci_Wet_BFL_Mag_10_12",-13.6256402514223,8.07119536652938,-13.6256402514223,8.07119536652938,-84.707774007542,-67.6833356468425,-8.89656223136862,-4.67399716780456,-83.6849985828516,-73.3230369739029,-13.9800151652327,8.54940863617532,-14.8331885592923,9.66129933593029,402,"csci","Wet_BFL_Mag_10",12,0.478691719097461
"69","asci_Wet_BFL_Mag_50_12",-53.416057299401,-49.4065493844278,-53.416057299401,-49.4065493844278,-120.349262669774,-37.8441460563652,105.131302946865,151.570701929977,96.2777886723127,165.146296084592,-96.0099152623654,-45.6466393276828,-114.264425817922,-44.0052439208098,223,"asci","Wet_BFL_Mag_50",12,0.377243329968765
"70","csci_Wet_BFL_Mag_50_12",-243.662366738384,-64.1951816057257,-243.662366738384,-64.1951816057257,-317.453558104768,175.860398530747,-183.707023753198,-78.2723505955399,-299.005760263172,-49.9945289094048,-248.274316198783,-63.0117938810323,-262.11016457998,-59.461630706952,402,"csci","Wet_BFL_Mag_50",12,0.40647411591595
"71","asci_Q99_12",747.115509387549,NA,747.115509387549,NA,-265.229623115257,2.23137237709103,832.64650161651,NA,766.246195985591,NA,-144.796662861764,-61.5879769830567,-234.50352572585,-12.9528319582667,223,"asci","Q99",12,0.440222171723782
"72","csci_Q99_12",-188.472663549225,NA,-188.472663549225,NA,-26487.118898887,-2795.27180453865,469.277869227514,NA,-22586.6336545601,-6947.34337549616,-198.341030286285,NA,-14785.6631659063,-13273.3040489984,402,"csci","Q99",12,0.522782799789709
"73","asci_DS_Mag_50_15",NA,NA,NA,NA,-7.47005907489363,-6.28920312808479,NA,NA,NA,NA,-2.39487641417871,1.17981183182066,-3.08805935215499,2.02975605695277,223,"asci","DS_Mag_50",15,0.45994608080069
"74","csci_DS_Mag_50_15",-19.9101117643333,-19.3049663887759,-19.9101117643333,-19.3049663887759,-22.123548874826,-12.6758803784635,-0.861615521000877,0.419929305245758,-21.5701895972028,-13.6296155476229,-20.0484515837391,-18.7242106026416,-20.4634710419565,-16.9819432442386,402,"csci","DS_Mag_50",15,0.621321753388021
"75","asci_FA_Mag_15",NA,NA,NA,NA,11.247531931398,25.7232479976197,NA,NA,NA,NA,46.4947864907314,64.6885484372673,14.3946233617473,24.9098731685387,223,"asci","FA_Mag",15,0.353698675644813
"76","csci_FA_Mag_15",-2.81673009771946,28.8409127624747,-2.81673009771946,28.8409127624747,-223.058824674488,-105.49940524946,NA,NA,-224.571670776879,-76.6450281530196,-6.42221488908937,30.262894554581,-31.5298859775662,63.8789310174625,402,"csci","FA_Mag",15,0.551724846759385
"77","asci_Peak_10_15",1050.17436209862,1182.65485053782,1050.17436209862,1182.65485053782,-640.066875238026,31.2722657209215,5881.1952859238,NA,5452.49680707954,NA,-398.21893026238,-177.673063613969,-601.533689525964,-6.89152420769257,223,"asci","Peak_10",15,0.429807364955695
"78","csci_Peak_10_15",-629.672487646798,NA,-629.672487646798,NA,-10494.9321632568,-5575.39887852838,1085.48168443533,NA,-9351.71326421206,-5857.69039622776,-663.105700982993,NA,-7535.03278922007,-6422.27343162651,402,"csci","Peak_10",15,0.575284029725794
"79","asci_Peak_2_15",-98.8044669577378,-71.3816955421877,-98.8044669577378,-71.3816955421877,-521.238640202458,-459.42168897041,728.269712525055,1024.9530675332,613.466794524294,1090.59771942276,-170.869325148582,-16.791957826792,-514.190836772543,-474.241599752327,223,"asci","Peak_2",15,0.571516144476863
"80","csci_Peak_2_15",-231.354564731497,37.1699943427705,-231.354564731497,37.1699943427705,-7902.6927527145,-3320.36640468024,-94.9473921554255,-35.4980159473313,-7890.97089150771,-4224.53116092599,-239.724154792269,41.7582960569153,-858.029595045446,-691.081890742283,402,"csci","Peak_2",15,0.538486548421142
"81","asci_Peak_5_15",701.887293631969,980.653350245572,701.887293631969,980.653350245572,-368.36271838339,14.0335698153093,3673.74634312706,NA,815.321985611949,924.328818989781,-248.072033439776,-147.537035220676,-342.261822298705,-65.9903777943378,223,"asci","Peak_5",15,0.406719601621631
"82","csci_Peak_5_15",-18078.1216680812,-15715.9490888713,-18078.1216680812,-15715.9490888713,-18421.5707636711,-9667.75722370513,759.088039584891,NA,-18328.5013920106,-10104.261496693,-18095.85573603,-15235.094785893,-18149.0579398766,-13792.5318769581,402,"csci","Peak_5",15,0.500788791746569
"83","asci_SP_Mag_15",438.786445177677,505.223670747198,438.786445177677,505.223670747198,-124.377645238135,-54.7563464085211,1594.48773044551,NA,441.800121287779,483.188010665255,-113.657050381172,-72.3582524144328,-121.697496523894,-57.7242281297303,223,"asci","SP_Mag",15,0.51217435833582
"84","csci_SP_Mag_15",-14.4082417595974,191.997044283197,-14.4082417595974,191.997044283197,-958.915816408243,-663.936398498025,26.5074280384993,67.6206800196366,-939.201413175582,-732.235721743757,-63.4541555043437,-36.3461407749005,-896.977725826997,-868.834368235221,402,"csci","SP_Mag",15,0.54718108765447
"85","asci_Wet_BFL_Mag_10_15",NA,NA,NA,NA,-12.1122790018614,-1.929640971088,NA,NA,NA,NA,-8.32192376951085,-3.0287313737252,-10.8524339757723,-2.28900461492116,223,"asci","Wet_BFL_Mag_10",15,0.339702000881726
"86","csci_Wet_BFL_Mag_10_15",-13.1025464507525,-2.5323251581402,-13.1025464507525,-2.5323251581402,-85.0844958741522,-66.2262108664081,-8.20691799399091,-4.342873520774,-84.2012939131042,-70.9353546540496,-13.6136920393958,-2.27967020219901,-82.3072375837841,-80.3536422293326,402,"csci","Wet_BFL_Mag_10",15,0.520850156314448
"87","asci_Wet_BFL_Mag_50_15",-70.3419585341571,-48.4232626675836,-70.3419585341571,-48.4232626675836,-132.105974365296,-44.5019528699891,103.353092297054,148.011178351524,-64.7270480040535,-48.7797453764559,-109.646332244882,-45.927883705478,-126.491063835192,-44.8584355788614,223,"asci","Wet_BFL_Mag_50",15,0.406480661057893
"88","csci_Wet_BFL_Mag_50_15",-239.816980908862,-59.3154047414926,-239.816980908862,-59.3154047414926,-315.574819590128,-46.043008100468,-178.263736980334,-72.8885638946903,-296.635359919811,-50.1848107503315,-244.551845826441,-58.5545219088959,-258.756440579179,-56.2718734111056,402,"csci","Wet_BFL_Mag_50",15,0.441632200660259
"89","asci_Q99_15",782.259458030622,NA,782.259458030622,NA,-210.007022026577,-7.97807330936245,835.859369426836,NA,797.536958437047,NA,-141.465369051996,-40.6065957479342,-192.511127747977,-16.5494974302914,223,"asci","Q99",15,0.468150429323985
"90","csci_Q99_15",-187.25623125254,133.041517754147,-187.25623125254,133.041517754147,-26481.9210458396,-2804.30748769741,461.054791542803,NA,-22580.3519300551,-7097.2502441434,-193.288491794628,NA,-14777.2136984862,-13275.0756735839,402,"csci","Q99",15,0.549061269376473
"91","asci_DS_Mag_50_18",NA,NA,NA,NA,-8.20048055206974,-6.30596574798145,NA,NA,NA,NA,-2.27342360319114,1.03828547827306,-7.91207697970267,-6.57917362193342,223,"asci","DS_Mag_50",18,0.498233591933507
"92","csci_DS_Mag_50_18",-20.4114179445088,-17.4940805110158,-20.4114179445088,-17.4940805110158,-22.4374213858466,-12.9553920666905,-0.999654966764029,0.463449199543572,-21.9309205255122,-13.6041030518486,-20.5380431595925,-17.0226905162514,-20.9179188048433,-15.608520531958,402,"csci","DS_Mag_50",18,0.634143784376447
"93","asci_FA_Mag_18",49.7586140200122,62.7075870894575,49.7586140200122,62.7075870894575,14.2394202198232,27.2997730746517,NA,NA,51.3629319028293,62.1676936673824,20.1249771342597,24.8258714686737,15.3031230572297,26.8084729725337,223,"asci","FA_Mag",18,0.383856562320524
"94","csci_FA_Mag_18",-226.752615875621,-28.1574886398596,-226.752615875621,-28.1574886398596,-222.128328421095,-102.092597700707,NA,NA,-223.502277871966,-76.3487372193865,-226.481754375316,-31.1921510727545,-225.669169874402,-40.2961383714393,402,"csci","FA_Mag",18,0.565691684645212
"95","asci_Peak_10_18",680.317832997304,1220.92696620985,680.317832997304,1220.92696620985,-677.878277928979,38.4370069144206,5794.7306802084,NA,1149.49534622575,1171.54224962917,-341.471217149487,-98.7764604229615,-662.351932823961,13.0334519006248,223,"asci","Peak_10",18,0.445263069127091
"96","csci_Peak_10_18",-2408.43802193881,-1875.44694128382,-2408.43802193881,-1875.44694128382,-10401.1472228941,-5551.92592864143,966.394326158008,NA,-9347.07991553606,-5831.04279043486,-7000.87748511825,-6779.39654877843,-7640.7508752322,-6389.27651402173,402,"csci","Peak_10",18,0.588996181145282
"97","asci_Peak_2_18",-90.7256810704423,-55.5653100728502,-90.7256810704423,-55.5653100728502,-526.67404437471,-441.29169938579,757.939668431223,1087.52865948039,653.859829712869,1133.85313043182,-508.540254853068,-469.033955189881,-522.735923302026,-447.100700153571,223,"asci","Peak_2",18,0.594080958283952
"98","csci_Peak_2_18",-232.040451977627,34.2639229881304,-232.040451977627,34.2639229881304,-7908.87772178776,-3333.57282867128,-87.8863599206244,-25.1949556403242,-7900.97900361297,-4234.90142688915,-240.822745864217,38.2545262158115,-844.321649395433,-588.008562317423,402,"csci","Peak_2",18,0.551591737500201
"99","asci_Peak_5_18",569.831715527971,967.196923693054,569.831715527971,967.196923693054,-371.428727070678,-65.0678420720835,3582.36009896282,NA,592.56493807697,925.598586376017,-286.71267329838,-118.968869556683,-348.987858527074,-81.4320302426213,223,"asci","Peak_5",18,0.443826431300411
"100","csci_Peak_5_18",-18079.8383156024,-15451.3239922689,-18079.8383156024,-15451.3239922689,-18413.2190902139,-9660.31990774404,737.418311101123,NA,-18318.4273411518,-10082.2037666149,-18095.5851614403,-14984.2987429942,-18142.8256989542,-13583.2229951701,402,"csci","Peak_5",18,0.520780507046817
"101","asci_SP_Mag_18",-102.183683162099,-90.9106981783676,-102.183683162099,-90.9106981783676,-124.51820803144,-54.1497291868106,1642.2057875635,NA,-99.6160639969857,-95.0348086381118,-117.345137224506,-62.0419249601587,-122.724940329706,-56.0205616860061,223,"asci","SP_Mag",18,0.537053766986122
"102","csci_SP_Mag_18",-69.4183281987242,-55.3243083730838,-69.4183281987242,-55.3243083730838,-960.566572243232,-639.859176748792,19.9357716619728,68.0014333733383,-941.422001631489,-711.269292165439,-75.8981710467364,-50.9455775145391,-901.283110134121,-854.089522998732,402,"csci","SP_Mag",18,0.573794930203201
"103","asci_Wet_BFL_Mag_10_18",41.2586624909659,45.5028147726626,41.2586624909659,45.5028147726626,-11.2585829043556,-2.34943683444716,NA,NA,41.4785247868287,43.9913035340916,-7.44807619485374,-3.04123085628601,-9.85025154289361,-2.56610475915117,223,"asci","Wet_BFL_Mag_10",18,0.382743609337502
"104","csci_Wet_BFL_Mag_10_18",-11.4511135203574,-2.8505056870475,-11.4511135203574,-2.8505056870475,-85.2045596451731,-65.8484256168754,-7.92977808925506,-4.22038464580482,-84.3643893272153,-70.2395324092851,-12.4464087565806,-2.72338627681893,-82.611930573193,-79.0217459941046,402,"csci","Wet_BFL_Mag_10",18,0.54895807270439
"105","asci_Wet_BFL_Mag_50_18",-79.7094028898297,-48.0824155644068,-79.7094028898297,-48.0824155644068,-137.540303489056,-44.9005799459761,101.515781421368,142.283256332312,-74.4520482899,-48.3716733479005,-116.510885089338,-46.0576110799509,-132.282948889127,-45.1898377294698,223,"asci","Wet_BFL_Mag_50",18,0.432083119481284
"106","csci_Wet_BFL_Mag_50_18",-238.720269331423,-57.4569397053235,-238.720269331423,-57.4569397053235,-317.865289756912,-47.1980008439732,-174.414940235712,-65.1905887708804,-298.07903465054,-50.3181867217325,-243.666833108016,-56.8620436233576,-258.506524437795,-55.0773553774598,402,"csci","Wet_BFL_Mag_50",18,0.474428355876684
"107","asci_Q99_18",772.519665223792,NA,772.519665223792,NA,-187.225783209937,-13.4632482890514,830.763481085152,NA,784.913379098764,NA,-132.68646591875,-33.2710938506426,-170.1029301891,-18.7071090247123,223,"asci","Q99",18,0.493499270936921
"108","csci_Q99_18",-849.504647406608,-808.80714661225,-849.504647406608,-808.80714661225,-26457.3400534134,-2786.3593645052,434.29406291535,NA,-22550.5714690688,-6933.80717512564,-858.869622475586,-787.349182127285,-14737.0343003796,-13234.4012710775,402,"csci","Q99",18,0.569883401625421
"109","asci_DS_Mag_50_20",NA,NA,NA,NA,-8.78539138418675,-6.40771085913274,NA,NA,NA,NA,-7.41209302580071,-7.13048898935301,-8.44206679459024,-6.58840539168781,223,"asci","DS_Mag_50",20,0.520640852422202
"110","csci_DS_Mag_50_20",-20.4816264529128,-16.9462906147307,-20.4816264529128,-16.9462906147307,-22.4790640070888,-13.0134960984872,-1.05554630565173,0.460121416019813,-21.9797046185448,-13.5493704517829,-20.6064663000488,-16.4295694975658,-20.9809858414568,-14.8794061460712,402,"csci","DS_Mag_50",20,0.642332970665714
"111","asci_FA_Mag_20",46.622045090972,63.431553785568,46.622045090972,63.431553785568,-0.929424311147298,3.18472531335096,58.6046791441521,59.7088826794438,48.1198743476195,62.9662198973025,18.2432628029416,18.5551380920071,15.4777862340171,27.7542390036469,223,"asci","FA_Mag",20,0.400670909629288
"112","csci_FA_Mag_20",-226.329807198127,-33.5270402653875,-226.329807198127,-33.5270402653875,-221.932072277932,-101.006293570838,52.339405154891,60.5263370423174,-223.304478974975,-75.8047424912736,-226.077696512864,-35.9294696477465,-225.321364457076,-43.1367577948236,402,"csci","FA_Mag",20,0.575315905242139
"113","asci_Peak_10_20",599.585126499433,999.617127073974,599.585126499433,999.617127073974,-696.008639849007,40.5134051752598,5769.07332525726,NA,627.305859100763,907.956645002122,-621.538894388028,-611.515012701131,-683.863617656977,20.6309326329813,223,"asci","Peak_10",20,0.457487033212845
"114","csci_Peak_10_20",-2570.4582842849,-1839.05945573121,-2570.4582842849,-1839.05945573121,-10438.1776302772,-5551.60442454946,922.394416126132,NA,-9343.24509425385,-5840.94535960861,-6880.78394964973,-6876.52429505623,-7552.36426181449,-6419.62722972691,402,"csci","Peak_10",20,0.596678111098706
"115","asci_Peak_2_20",-81.944591784484,-47.5055005661483,-81.944591784484,-47.5055005661483,-530.490187178363,-437.86173837793,793.733948572965,1131.88065032186,-64.9745527042597,-59.8513847386264,-517.605514778763,-457.158193342288,-527.269019078463,-442.685852119019,223,"asci","Peak_2",20,0.609316035609923
"116","csci_Peak_2_20",-231.097533882088,31.8662355617046,-231.097533882088,31.8662355617046,-7910.67166592992,-3337.53475001767,-85.2239193398845,-21.5907571709889,-7903.59716432073,-4238.68991922074,-239.50402395187,35.5414622595352,-7889.7785045077,-7429.74169881162,402,"csci","Peak_2",20,0.561389972817554
"117","asci_Peak_5_20",541.029841490471,959.145561376235,541.029841490471,959.145561376235,-352.451781214866,-76.9182691507627,3470.39929289279,NA,562.285029561933,923.831478498066,-282.776993993112,-113.025861452056,-330.71155498603,-87.2340530360972,223,"asci","Peak_5",20,0.473374705059928
"118","csci_Peak_5_20",-18080.5263860646,-15201.8982971753,-18080.5263860646,-15201.8982971753,-18402.0772252527,-9657.16877168773,732.327147063856,NA,-18304.8000131796,-10073.2897356758,-18094.4173435399,-14753.1052719739,-18136.0902159658,-13406.72619637,402,"csci","Peak_5",20,0.534594334089038
"119","asci_SP_Mag_20",-106.108887293529,-83.49799347765,-106.108887293529,-83.49799347765,-124.526331773658,-53.692030483938,1665.7867958375,NA,-103.985511718945,-87.1937235452716,-118.284526260829,-59.7831744460374,-122.965880395451,-55.2148164744629,223,"asci","SP_Mag",20,0.551295472831112
"120","csci_SP_Mag_20",-79.1580752756784,-54.0826758545776,-79.1580752756784,-54.0826758545776,-961.346516983818,-630.039830558245,16.8944007395891,65.9298759966743,-942.413675467993,-704.491445108305,-86.4556249314246,-51.3845188857451,-902.170462884437,-853.394674208424,402,"csci","SP_Mag",20,0.589772892038751
"121","asci_Wet_BFL_Mag_10_20",-4.87427418066834,-4.37044353531172,-4.87427418066834,-4.37044353531172,-11.7676250997982,-2.49319543596539,NA,NA,41.187226236603,46.1026874023304,-7.02848971842751,-3.04281616113333,-10.438673973336,-2.66788708783482,223,"asci","Wet_BFL_Mag_10",20,0.417212968785783
"122","csci_Wet_BFL_Mag_10_20",-9.60293785197517,-2.91630407521588,-9.60293785197517,-2.91630407521588,-85.2271121583976,-65.6904197622734,-7.87592861450287,-4.19886600476191,-84.3963030175377,-69.9911521645677,-81.9770747686801,-81.8181662708771,-82.6872633241613,-78.5926169691564,402,"csci","Wet_BFL_Mag_10",20,0.5631458594453
"123","asci_Wet_BFL_Mag_50_20",-83.0179076267443,-47.972803026596,-83.0179076267443,-47.972803026596,-138.613005077755,-45.0349380511695,100.465650428994,138.230992889781,-77.9638078584705,-48.2398816607257,-118.39660600466,-46.1032525876882,-133.558905309481,-45.3020166852992,223,"asci","Wet_BFL_Mag_50",20,0.445421412168802
"124","csci_Wet_BFL_Mag_50_20",-240.263740194266,-56.9229116018772,-240.263740194266,-56.9229116018772,-321.944588167075,-47.5278507741686,-173.898051216358,-64.0221615424255,-301.524376173873,-50.3697578106018,-245.368793192566,-56.3768154526042,-260.683952187468,-54.7385270047854,402,"csci","Wet_BFL_Mag_50",20,0.492467179853096
"125","asci_Q99_20",-80.3563222463718,-66.8216578476148,-80.3563222463718,-66.8216578476148,-172.998749009964,-14.8244653336285,823.403098008629,NA,768.564954666424,NA,-125.726341527293,-30.5748896796398,-152.711205985764,-18.9709656522082,223,"asci","Q99",20,0.505966590557199
"126","csci_Q99_20",-877.459961170027,-784.162629266441,-877.459961170027,-784.162629266441,-26422.0064092706,-2769.99101647906,412.797531855749,NA,-22507.7654064206,-6863.52357161042,-886.503911861627,-772.248767000349,-14679.2834007205,-13190.0331225779,402,"csci","Q99",20,0.581803013848038
